{"cameraMode":{"drawMode":0,"name":"Shaded","section":"Shading Mode"},"sceneLighting":false,"audioPlay":false,"sceneViewState":{"showFog":true,"showMaterialUpdate":false,"showSkybox":true,"showFlares":true,"showImageEffects":true,"showParticleSystems":true},"in2DMode":false,"pivot":{"x":49.958736419677737,"y":-83.28282165527344,"z":12.843377113342286},"rotation":{"x":-0.3564026951789856,"y":-0.5634613633155823,"z":0.2929072380065918,"w":-0.6855892539024353},"size":112.13094329833985,"orthographic":false}