{"cameraMode":{"drawMode":0,"name":"Shaded","section":"Shading Mode"},"sceneLighting":false,"audioPlay":false,"sceneViewState":{"showFog":true,"showMaterialUpdate":false,"showSkybox":false,"showFlares":true,"showImageEffects":true,"showParticleSystems":true},"in2DMode":false,"pivot":{"x":-1.3201411962509156,"y":-5.26078462600708,"z":-17.815114974975587},"rotation":{"x":0.006441523786634207,"y":-0.9891001582145691,"z":0.14129193127155305,"w":0.043626800179481509},"size":20.873271942138673,"orthographic":false}