{"cameraMode":{"drawMode":0,"name":"Shaded","section":"Shading Mode"},"sceneLighting":true,"audioPlay":false,"sceneViewState":{"showFog":true,"showMaterialUpdate":false,"showSkybox":false,"showFlares":true,"showImageEffects":true,"showParticleSystems":true},"in2DMode":false,"pivot":{"x":18.93202018737793,"y":-33.13976287841797,"z":5.174638748168945},"rotation":{"x":-0.387437105178833,"y":-0.5538202524185181,"z":0.32425355911254885,"w":-0.6621953845024109},"size":41.120479583740237,"orthographic":false}