{"cameraMode":{"drawMode":0,"name":"Shaded","section":"Shading Mode"},"sceneLighting":true,"audioPlay":false,"sceneViewState":{"showFog":true,"showMaterialUpdate":false,"showSkybox":false,"showFlares":true,"showImageEffects":true,"showParticleSystems":true},"in2DMode":false,"pivot":{"x":-0.06981366127729416,"y":-24.5721435546875,"z":-27.323026657104493},"rotation":{"x":0.003785122651606798,"y":-0.928609311580658,"z":0.37133142352104189,"w":0.010118799284100533},"size":40.010372161865237,"orthographic":false}