{"cameraMode":{"drawMode":0,"name":"Shaded","section":"Shading Mode"},"sceneLighting":false,"audioPlay":false,"sceneViewState":{"showFog":true,"showMaterialUpdate":false,"showSkybox":false,"showFlares":true,"showImageEffects":true,"showParticleSystems":true},"in2DMode":false,"pivot":{"x":0.5447872877120972,"y":-5.015445709228516,"z":6.055091857910156},"rotation":{"x":0.38612282276153567,"y":0.14165736734867097,"z":-0.06019086018204689,"w":0.9097431302070618},"size":22.0,"orthographic":false}